Lorem ipsum dolor sit amet, consectetur adipiscing elit. 
Sed et euismod mauris, sed fringilla orci. 
Pellentesque viverra accumsan augue, non feugiat nisi egestas ac. 
Duis et consectetur nunc. 
Nulla facilisi. 
Aliquam hendrerit, erat sit amet tristique ultricies, magna dui vulputate mauris
Lorem ipsum dolor sit amet, consectetur adipiscing elit. 
Sed et euismod mauris, sed fringilla orci. 
Pellentesque viverra accumsan augue, non feugiat nisi egestas ac. 
Duis et consectetur nunc. 
Nulla facilisi. 
Aliquam hendrerit, erat sit amet tristique ultricies, magna dui vulputate mauris
Lorem ipsum dolor sit amet, consectetur adipiscing elit. 
Sed et euismod mauris, sed fringilla orci. 
Pellentesque viverra accumsan augue, non feugiat nisi egestas ac. 
Duis et consectetur nunc. 
Nulla facilisi. 
Aliquam hendrerit, erat sit amet tristique ultricies, magna dui vulputate mauris
Lorem ipsum dolor sit amet, consectetur adipiscing elit. 
Sed et euismod mauris, sed fringilla orci. 
Pellentesque viverra accumsan augue, non feugiat nisi egestas ac. 
Duis et consectetur nunc. 
Nulla facilisi. 
Aliquam hendrerit, erat sit amet tristique ultricies, magna dui vulputate mauris
Lorem ipsum dolor sit amet, consectetur adipiscing elit. 
Sed et euismod mauris, sed fringilla orci. 
Pellentesque viverra accumsan augue, non feugiat nisi egestas ac. 
Duis et consectetur nunc. 
Nulla facilisi. 
Aliquam hendrerit, erat sit amet tristique ultricies, magna dui vulputate mauris
Lorem ipsum dolor sit amet, consectetur adipiscing elit. 
Sed et euismod mauris, sed fringilla orci. 
Pellentesque viverra accumsan augue, non feugiat nisi egestas ac. 
Duis et consectetur nunc. 
Nulla facilisi. 
Aliquam hendrerit, erat sit amet tristique ultricies, magna dui vulputate mauris
Lorem ipsum dolor sit amet, consectetur adipiscing elit. 
Sed et euismod mauris, sed fringilla orci. 
Pellentesque viverra accumsan augue, non feugiat nisi egestas ac. 
Duis et consectetur nunc. 
Nulla facilisi. 
Aliquam hendrerit, erat sit amet tristique ultricies, magna dui vulputate mauris
Lorem ipsum dolor sit amet, consectetur adipiscing elit. 
Sed et euismod mauris, sed fringilla orci. 
Pellentesque viverra accumsan augue, non feugiat nisi egestas ac. 
Duis et consectetur nunc. 
Nulla facilisi. 
Aliquam hendrerit, erat sit amet tristique ultricies, magna dui vulputate mauris
Nulla facilisi. 
Aliquam hendrerit, erat sit amet tristique ultricies, magna dui vulputate mauris